twitter_id,first_name,last_name,email,gender,ip_address,tweets
gbunney0,Gisele,Bunney,gbunney0@cam.ac.uk,Female,129.103.120.236,Reverse-engineered attitude-oriented structure
asneden1,Anny,Sneden,asneden1@boston.com,Female,208.24.250.12,Vision-oriented mission-critical middleware
agowans2,Agatha,Gowans,agowans2@washington.edu,Female,189.96.185.100,Future-proofed global product
yplitz3,Yard,Plitz,yplitz3@booking.com,Male,76.180.179.234,Customizable foreground framework
smilliken4,Simone,Milliken,smilliken4@tripadvisor.com,Female,255.55.223.84,Persevering encompassing open architecture
kslocomb5,Kienan,Slocomb,kslocomb5@spotify.com,Male,92.198.127.146,Grass-roots modular firmware
cgozney6,Calvin,Gozney,cgozney6@unesco.org,Male,103.241.35.189,De-engineered neutral artificial intelligence
mocannovane7,Mace,O'Cannovane,mocannovane7@huffingtonpost.com,Male,57.246.32.14,Public-key fault-tolerant instruction set
pchatelot8,Paton,Chatelot,pchatelot8@comcast.net,Male,47.154.180.157,Persistent transitional application
cfauning9,Celinda,Fauning,cfauning9@e-recht24.de,Female,128.186.98.33,Visionary high-level encryption
arilletta,Antonella,Rillett,arilletta@nsw.gov.au,Female,186.165.36.120,Front-line hybrid challenge
rcrollab,Ramona,Crolla,rcrollab@biglobe.ne.jp,Female,129.75.90.184,Grass-roots heuristic attitude
dheballc,Dare,Heball,dheballc@state.tx.us,Male,18.76.231.84,Enterprise-wide regional infrastructure
ewhitehalld,Edee,Whitehall,ewhitehalld@infoseek.co.jp,Female,118.179.69.122,Enterprise-wide foreground forecast
dgallymoree,Dru,Gallymore,dgallymoree@chronoengine.com,Male,235.156.201.10,Networked eco-centric complexity
csilversonf,Charyl,Silverson,csilversonf@wsj.com,Female,106.38.228.121,Enhanced full-range project
dgallifontg,Doreen,Gallifont,dgallifontg@discovery.com,Female,54.100.239.28,Ergonomic fresh-thinking implementation
flukeschh,Florrie,Lukesch,flukeschh@amazonaws.com,Female,224.41.2.219,Innovative intermediate matrices
mmullordi,Morten,Mullord,mmullordi@forbes.com,Male,12.198.83.141,Distributed 24/7 internet solution
mtiej,Muriel,Tie,mtiej@w3.org,Female,4.16.152.78,Exclusive bi-directional Graphical User Interface
hlaurenzik,Husein,Laurenzi,hlaurenzik@hibu.com,Male,220.5.172.170,Object-based multi-tasking task-force
mriglarl,Marthena,Riglar,mriglarl@ebay.co.uk,Genderfluid,3.233.9.90,Ameliorated didactic framework
dmckeandm,Darius,McKeand,dmckeandm@cafepress.com,Male,119.203.34.42,User-centric human-resource methodology
msherrn,Maurizio,Sherr,msherrn@soup.io,Male,20.231.125.6,Implemented hybrid workforce
tgroobyo,Townsend,Grooby,tgroobyo@acquirethisname.com,Male,187.224.1.74,Quality-focused executive productivity
abynethp,Angelico,Byneth,abynethp@nsw.gov.au,Male,210.33.243.37,Robust human-resource secured line
rsevenq,Riordan,Seven,rsevenq@amazonaws.com,Male,121.172.24.33,Profit-focused encompassing open system
bputmanr,Bebe,Putman,bputmanr@i2i.jp,Female,3.202.7.141,Assimilated analyzing database
agobeauxs,Ashely,Gobeaux,agobeauxs@shutterfly.com,Female,29.255.42.150,Reduced optimal orchestration
crodrigot,Chance,Rodrigo,crodrigot@51.la,Male,170.35.53.158,Advanced intermediate functionalities
rsalsbergu,Robby,Salsberg,rsalsbergu@imdb.com,Agender,17.84.52.190,Secured multimedia solution
rjewittv,Roma,Jewitt,rjewittv@pagesperso-orange.fr,Male,243.91.113.211,Diverse impactful solution
ysaphinw,Yvor,Saphin,ysaphinw@pen.io,Male,26.111.177.49,Horizontal high-level approach
sfenelonx,Siward,Fenelon,sfenelonx@gizmodo.com,Male,73.101.111.128,Integrated responsive throughput
mmcconnultyy,Max,McConnulty,mmcconnultyy@phpbb.com,Male,147.40.74.123,Expanded systematic internet solution
dmeoz,Dare,Meo,dmeoz@de.vu,Male,156.14.243.45,Proactive stable encryption
mdenyukin10,Marianna,Denyukin,mdenyukin10@archive.org,Female,79.16.234.144,Networked didactic function
aphalp11,Arturo,Phalp,aphalp11@census.gov,Male,117.232.32.124,Synergistic system-worthy forecast
hcronk12,Heddie,Cronk,hcronk12@blogspot.com,Female,190.153.88.106,Innovative systemic groupware
jcaldron13,Janith,Caldron,jcaldron13@pinterest.com,Female,197.171.180.195,Managed national matrices
jwildes14,Jerome,Wildes,jwildes14@vimeo.com,Male,164.115.103.28,Networked high-level capability
gbontein15,Gilburt,Bontein,gbontein15@disqus.com,Male,43.11.217.211,Stand-alone zero administration architecture
evanderhoog16,Evey,Van Der Hoog,evanderhoog16@google.co.uk,Female,35.230.48.99,Object-based optimal artificial intelligence
tsobey17,Tomaso,Sobey,tsobey17@elpais.com,Male,106.230.183.212,Progressive actuating initiative
tstockle18,Tony,Stockle,tstockle18@adobe.com,Female,15.22.56.32,Quality-focused intangible concept
chenryson19,Carolee,Henryson,chenryson19@illinois.edu,Agender,133.98.216.61,Extended cohesive data-warehouse
jvanoord1a,Jacinta,Van Oord,jvanoord1a@sogou.com,Female,118.139.9.143,Operative optimal hardware
tburner1b,Tova,Burner,tburner1b@creativecommons.org,Female,229.73.233.234,Reactive background frame
tdearth1c,Theressa,Dearth,tdearth1c@google.co.uk,Female,163.47.27.115,Digitized dedicated info-mediaries
abullen1d,Aime,Bullen,abullen1d@ovh.net,Female,132.255.144.122,Profit-focused tertiary ability
aharmson1e,Abby,Harmson,aharmson1e@bloomberg.com,Female,66.218.169.101,Advanced empowering strategy
rleblond1f,Raff,Le Blond,rleblond1f@gizmodo.com,Male,217.187.254.92,Compatible upward-trending middleware
vvesque1g,Viki,Vesque,vvesque1g@creativecommons.org,Female,99.35.23.195,Team-oriented transitional info-mediaries
ctanton1h,Christophe,Tanton,ctanton1h@arstechnica.com,Male,81.94.54.249,Ergonomic fault-tolerant initiative
tvolante1i,Tonia,Volante,tvolante1i@icq.com,Female,251.253.62.249,Horizontal upward-trending leverage
rgrigoriev1j,Reider,Grigoriev,rgrigoriev1j@cnbc.com,Male,145.195.210.199,Ameliorated cohesive moderator
bsteen1k,Bellanca,Steen,bsteen1k@un.org,Female,194.37.160.122,User-friendly fresh-thinking throughput
kpeter1l,Kasey,Peter,kpeter1l@forbes.com,Female,74.161.59.62,Reduced logistical application
aharvie1m,Aggy,Harvie,aharvie1m@redcross.org,Female,242.175.46.224,Assimilated content-based artificial intelligence
bmaas1n,Bradley,Maas,bmaas1n@timesonline.co.uk,Male,109.134.84.122,Digitized holistic infrastructure
cpedrielli1o,Conrad,Pedrielli,cpedrielli1o@gov.uk,Male,72.113.136.93,Persevering zero administration parallelism
pstaintonskinn1p,Pepe,Stainton - Skinn,pstaintonskinn1p@usgs.gov,Male,110.242.138.124,Focused web-enabled forecast
cpimmocke1q,Corby,Pimmocke,cpimmocke1q@youtu.be,Male,155.95.185.83,Public-key 5th generation budgetary management
mmcgready1r,Melonie,McGready,mmcgready1r@last.fm,Female,137.0.106.69,Integrated real-time extranet
hgianninotti1s,Howey,Gianninotti,hgianninotti1s@baidu.com,Male,96.186.120.249,Diverse heuristic support
hnijssen1t,Huberto,Nijssen,hnijssen1t@surveymonkey.com,Male,16.182.195.217,Universal background project
aweinberg1u,Amargo,Weinberg,aweinberg1u@si.edu,Female,236.239.14.36,Mandatory intermediate implementation
xextill1v,Xenos,Extill,xextill1v@google.it,Male,206.117.63.221,Diverse bifurcated parallelism
tricketts1w,Taber,Ricketts,tricketts1w@amazonaws.com,Male,88.45.218.132,Adaptive directional initiative
leatherton1x,Libby,Eatherton,leatherton1x@mtv.com,Female,118.16.218.84,Versatile human-resource help-desk
mbolus1y,Micaela,Bolus,mbolus1y@shutterfly.com,Female,130.187.138.190,Inverse well-modulated model
agermann1z,Alberto,Germann,agermann1z@dailymotion.com,Male,52.213.37.49,Enterprise-wide web-enabled website
gluther20,Gustavo,Luther,gluther20@oracle.com,Male,190.183.101.101,Future-proofed optimizing methodology
miacomo21,Monte,Iacomo,miacomo21@soundcloud.com,Male,155.3.130.208,Universal incremental structure
tbrettell22,Tally,Brettell,tbrettell22@com.com,Female,171.10.70.76,Persevering background paradigm
kcornish23,Karissa,Cornish,kcornish23@businessweek.com,Female,142.205.118.208,Polarised attitude-oriented groupware
vrestall24,Vernon,Restall,vrestall24@vkontakte.ru,Polygender,248.169.130.221,Diverse optimizing functionalities
bfernehough25,Beverie,Fernehough,bfernehough25@reddit.com,Female,87.104.146.10,Customer-focused multi-state methodology
gsmeal26,Gabriello,Smeal,gsmeal26@angelfire.com,Male,129.135.180.56,Decentralized national workforce
dtunmore27,Dalton,Tunmore,dtunmore27@ebay.co.uk,Genderqueer,149.66.98.177,Robust dynamic productivity
gflounders28,Gus,Flounders,gflounders28@photobucket.com,Male,35.184.194.72,Down-sized executive function
gbroxap29,Gamaliel,Broxap,gbroxap29@ca.gov,Male,171.210.146.91,Enterprise-wide zero administration neural-net
cholberry2a,Cullen,Holberry,cholberry2a@illinois.edu,Male,27.148.81.149,Front-line homogeneous emulation
jhalsall2b,Johnna,Halsall,jhalsall2b@tamu.edu,Female,173.18.202.191,Fundamental optimal Graphic Interface
jlawfull2c,Jeanette,Lawfull,jlawfull2c@omniture.com,Female,210.34.119.143,Re-engineered stable implementation
mfeeny2d,Marijn,Feeny,mfeeny2d@springer.com,Male,193.209.109.32,Self-enabling modular productivity
gmenault2e,Gunner,Menault,gmenault2e@smugmug.com,Male,157.225.60.121,Assimilated disintermediate knowledge user
pcathesyed2f,Pauly,Cathesyed,pcathesyed2f@opensource.org,Male,194.11.176.125,Right-sized intermediate policy
ebadder2g,Elyse,Badder,ebadder2g@psu.edu,Female,135.117.244.15,Persistent even-keeled Graphic Interface
lfrow2h,Lissie,Frow,lfrow2h@harvard.edu,Non-binary,32.202.134.183,Diverse executive success
smackintosh2i,Sonia,MacKintosh,smackintosh2i@vinaora.com,Female,207.13.210.205,Phased national project
dwintour2j,Deane,Wintour,dwintour2j@woothemes.com,Female,223.147.144.128,Open-source asymmetric leverage
karthey2k,Kissiah,Arthey,karthey2k@drupal.org,Female,253.6.204.130,Implemented attitude-oriented moderator
ctremble2l,Chlo,Tremble,ctremble2l@godaddy.com,Female,88.175.94.202,De-engineered contextually-based local area network
rsolman2m,Rabi,Solman,rsolman2m@imageshack.us,Male,168.238.209.28,Seamless user-facing collaboration
ipelos2n,Isabelita,Pelos,ipelos2n@pcworld.com,Female,117.252.241.29,Advanced 24/7 Graphic Interface
mmaggillandreis2o,Marcelle,Maggill'Andreis,mmaggillandreis2o@homestead.com,Female,188.168.131.120,Reactive asynchronous moratorium
pslograve2p,Pammie,Slograve,pslograve2p@yahoo.com,Female,199.2.248.225,Automated mobile monitoring
cvale2q,Correna,Vale,cvale2q@technorati.com,Female,99.159.107.200,Realigned heuristic workforce
bbretelle2r,Bail,Bretelle,bbretelle2r@instagram.com,Male,174.139.60.16,Customizable heuristic matrices
